<application>
  <component name="GeneralSettings">
    <option name="showTipsOnStartup" value="false" />
    <option name="reopenLastProject" value="false" />
    <option name="confirmExit" value="false" />
    <option name="confirmOpenNewProject2" value="0" />
  </component>
  <component name="Registry">
    <entry key="ide.experimental.ui" value="true" source="SYSTEM" />
    <entry key="moved.to.new.ui" value="true" source="SYSTEM" />
    <entry key="enable.connection.configuration.widget" value="false" source="SYSTEM" />
    <entry key="rdclient.patch.engine.enabled" value="false" source="SYSTEM" />
    <entry key="THIN_CLIENT_EXTERNAL_SYSTEM.system.in.process" value="true" source="SYSTEM" />
    <entry key="completion.cloud.enableTextCompletion" value="false" source="MANAGER" />
  </component>
</application>