<application>
  <component name="ProjectManager">
    <defaultProject>
      <component name="PropertiesComponent">{}</component>
      <component name="WindowStateProjectService">
        <state x="710" y="163" key="Rider.NewProjectDialog.Size" timestamp="1722441308412">
          <screen x="0" y="0" width="2560" height="1392" />
        </state>
        <state x="710" y="163" key="Rider.NewProjectDialog.Size/0.0.2560.1392" timestamp="1722441308412" />
      </component>
    </defaultProject>
  </component>
</application>