<application>
  <component name="ProjectManager">
    <defaultProject>
      <component name="PropertiesComponent"><![CDATA[{
  "keyToString": {
    "com.codeium.enabled": "true"
  }
}]]></component>
      <component name="VcsDirectoryMappings" defaultProject="true" />
      <component name="WindowStateProjectService">
        <state x="289" y="258" key="Rider.NewProjectDialog.Size" timestamp="1743761061821">
          <screen x="0" y="39" width="1710" height="1008" />
        </state>
        <state x="289" y="258" key="Rider.NewProjectDialog.Size/0.39.1710.1008/-210.-875.1600.875" timestamp="1743761061821" />
        <state x="289" y="255" key="Rider.NewProjectDialog.Size/0.39.1710.994" timestamp="1735958964187" />
        <state x="324" y="291" key="Rider.NewProjectDialog.Size/0.43.1920.1140" timestamp="1738562214629" />
      </component>
    </defaultProject>
  </component>
</application>