<application>
  <component name="Trusted.Paths">
    <option name="TRUSTED_PROJECT_PATHS">
      <map>
        <entry key="$USER_HOME$/Library/Application Support/JetBrains/Rider2025.1/projects/9a2d8181158310d686237aff844ce4a1a664c34b" value="true" />
        <entry key="$USER_HOME$/RiderProjects/AOP-Test" value="true" />
        <entry key="$USER_HOME$/RiderProjects/LoggingSdk" value="true" />
        <entry key="$USER_HOME$/RiderProjects/LoggingSdk/.idea/.idea.LoggingSdk" value="true" />
        <entry key="$USER_HOME$/RiderProjects/OauthServer" value="true" />
        <entry key="$USER_HOME$/RiderProjects/OauthServer/.idea/.idea.OauthServer" value="true" />
        <entry key="$USER_HOME$/RiderProjects/PasswordManager" value="true" />
        <entry key="$USER_HOME$/RiderProjects/PasswordManager/.idea/.idea.PasswordManager" value="true" />
        <entry key="$USER_HOME$/RiderProjects/RedisSdkV2" value="true" />
        <entry key="$USER_HOME$/RiderProjects/RedisSdkV2/.idea/.idea.RedisSdkV2" value="true" />
        <entry key="$USER_HOME$/RiderProjects/SimpleApi" value="true" />
        <entry key="$USER_HOME$/RiderProjects/SimpleApi/.idea/.idea.SimpleApi" value="true" />
        <entry key="$USER_HOME$/RiderProjects/TennisKata" value="true" />
        <entry key="$USER_HOME$/RiderProjects/TennisKata/.idea/.idea.TennisKata" value="true" />
        <entry key="$USER_HOME$/workplace/CustomBlockChainLab" value="true" />
        <entry key="$USER_HOME$/workplace/CustomBlockChainLab/.idea/.idea.CustomBlockChainLab" value="true" />
        <entry key="$USER_HOME$/workplace/real-work/APM/Apm-Test" value="true" />
        <entry key="$USER_HOME$/workplace/real-work/APM/Apm-Test/.idea/.idea.Apm-Test" value="true" />
        <entry key="$USER_HOME$/workplace/real-work/CSIW/CSIW_OCP_API" value="true" />
        <entry key="$USER_HOME$/workplace/real-work/CSIW/CSIW_OCP_API/.idea/.idea.CTBC.CSIW.API" value="true" />
        <entry key="$USER_HOME$/workplace/real-work/CSIW/WII.PROD" value="true" />
        <entry key="$USER_HOME$/workplace/real-work/CSIW/WII.PROD/.idea/.idea.CTCB.WII" value="true" />
        <entry key="$USER_HOME$/workplace/real-work/StrategiesPro" value="true" />
        <entry key="$USER_HOME$/workplace/real-work/StrategiesPro/StrategyPro" value="true" />
        <entry key="$USER_HOME$/workplace/real-work/StrategiesPro/StrategyPro/.idea/.idea.StrategyPro" value="true" />
        <entry key="$USER_HOME$/workplace/real-work/bff-for-dev/udwr-bff" value="true" />
        <entry key="$USER_HOME$/workplace/real-work/bff-for-dev/udwr-bff/.idea/.idea.BFF" value="true" />
        <entry key="$USER_HOME$/workplace/real-work/csiw-udwr/CTBC.CSIW" value="true" />
        <entry key="$USER_HOME$/workplace/real-work/csiw-udwr/CTBC.CSIW/.idea/.idea.CTBC.CSIW" value="true" />
        <entry key="$USER_HOME$/workplace/real-work/ctbc-mock" value="true" />
        <entry key="$USER_HOME$/workplace/real-work/ctbc-mock/.idea/.idea.CTBC-CSIW-MOCK" value="true" />
        <entry key="$USER_HOME$/workplace/real-work/infra/CTBC-CSIW" value="true" />
        <entry key="$USER_HOME$/workplace/real-work/test/udwr-image/ImageWorkerService" value="true" />
        <entry key="$USER_HOME$/workplace/real-work/test/udwr-image/ImageWorkerService/.idea/.idea.ImageWorkerService" value="true" />
        <entry key="$USER_HOME$/workplace/real-work/udwr-bff" value="true" />
        <entry key="$USER_HOME$/workplace/real-work/udwr-bff/.idea/.idea.BFF" value="true" />
        <entry key="$USER_HOME$/workplace/real-work/udwr-image/ImageProcess" value="true" />
        <entry key="$USER_HOME$/workplace/real-work/udwr-image/ImageProcess/.idea/.idea.ImageProcess" value="true" />
        <entry key="$USER_HOME$/workplace/real-work/udwr-image/ImageWorkerService" value="true" />
        <entry key="$USER_HOME$/workplace/real-work/udwr-image/ImageWorkerService/.idea/.idea.ImageWorkerService" value="true" />
        <entry key="$USER_HOME$/workplace/real-work/udwr-sdks" value="true" />
        <entry key="$USER_HOME$/workplace/real-work/udwr-sdks/.idea/.idea.udwr.sdks" value="true" />
        <entry key="$USER_HOME$/workplace/testing" value="true" />
        <entry key="$USER_HOME$/workplace/work/Test" value="true" />
        <entry key="$USER_HOME$/workplace/work/Test/.idea/.idea.Test" value="true" />
        <entry key="$USER_HOME$/workplace/work/TestApi/TestApi" value="true" />
        <entry key="$USER_HOME$/workplace/work/TestApi/TestApi/.idea/.idea.TestApi" value="true" />
      </map>
    </option>
  </component>
</application>