<application>
  <component name="DimensionService">
    <location key="find.popup.0.0.3420.2214@192dpi" x="1164" y="348" />
    <location key="find.popup.0.0.1920.1080" x="653" y="141" />
    <location key="find.popup.-1920.0.1920.1080" x="-1196" y="160" />
    <location key="find.popup.0.0.3840.2486@192dpi" x="1372" y="520" />
    <location key="find.popup.-168.-1080.1920.1080" x="485" y="-916" />
    <location key="find.popup.0.0.2880.1864@192dpi" x="980" y="292" />
    <size key="GridCell.Tab.0.left.0.0.3420.2214@192dpi" width="3256" height="692" />
    <size key="GridCell.Tab.0.center.0.0.3420.2214@192dpi" width="3256" height="692" />
    <size key="GridCell.Tab.0.right.0.0.3420.2214@192dpi" width="3256" height="692" />
    <size key="GridCell.Tab.0.bottom.0.0.3420.2214@192dpi" width="3256" height="692" />
    <size key="find.popup.0.0.3420.2214@192dpi" width="1756" height="992" />
    <size key="GridCell.Tab.1.left.0.0.3420.2214@192dpi" width="3256" height="692" />
    <size key="GridCell.Tab.1.center.0.0.3420.2214@192dpi" width="3256" height="692" />
    <size key="GridCell.Tab.1.right.0.0.3420.2214@192dpi" width="3256" height="692" />
    <size key="GridCell.Tab.1.bottom.0.0.3420.2214@192dpi" width="3256" height="692" />
    <size key="GridCell.Tab.2.left.0.0.3420.2214@192dpi" width="3256" height="692" />
    <size key="GridCell.Tab.2.center.0.0.3420.2214@192dpi" width="3256" height="692" />
    <size key="GridCell.Tab.2.right.0.0.3420.2214@192dpi" width="3256" height="692" />
    <size key="GridCell.Tab.2.bottom.0.0.3420.2214@192dpi" width="3256" height="692" />
    <size key="GridCell.Tab.3.left.0.0.3420.2214@192dpi" width="3256" height="692" />
    <size key="GridCell.Tab.3.center.0.0.3420.2214@192dpi" width="3256" height="692" />
    <size key="GridCell.Tab.3.right.0.0.3420.2214@192dpi" width="3256" height="692" />
    <size key="GridCell.Tab.3.bottom.0.0.3420.2214@192dpi" width="3256" height="692" />
    <size key="GridCell.Tab.4.left.0.0.3420.2214@192dpi" width="3256" height="692" />
    <size key="GridCell.Tab.4.center.0.0.3420.2214@192dpi" width="3256" height="692" />
    <size key="GridCell.Tab.4.right.0.0.3420.2214@192dpi" width="3256" height="692" />
    <size key="GridCell.Tab.4.bottom.0.0.3420.2214@192dpi" width="3256" height="692" />
    <size key="GridCell.Tab.5.left.0.0.3420.2214@192dpi" width="3256" height="692" />
    <size key="GridCell.Tab.5.center.0.0.3420.2214@192dpi" width="3256" height="692" />
    <size key="GridCell.Tab.5.right.0.0.3420.2214@192dpi" width="3256" height="692" />
    <size key="GridCell.Tab.5.bottom.0.0.3420.2214@192dpi" width="3256" height="692" />
    <size key="GridCell.Tab.6.left.0.0.3420.2214@192dpi" width="3256" height="692" />
    <size key="GridCell.Tab.6.center.0.0.3420.2214@192dpi" width="3256" height="692" />
    <size key="GridCell.Tab.6.right.0.0.3420.2214@192dpi" width="3256" height="692" />
    <size key="GridCell.Tab.6.bottom.0.0.3420.2214@192dpi" width="3256" height="692" />
    <size key="GridCell.Tab.0.left.-1920.0.1920.1080" width="1838" height="334" />
    <size key="GridCell.Tab.0.center.-1920.0.1920.1080" width="1838" height="334" />
    <size key="GridCell.Tab.0.right.-1920.0.1920.1080" width="1838" height="334" />
    <size key="GridCell.Tab.0.bottom.-1920.0.1920.1080" width="1838" height="334" />
    <size key="GridCell.Tab.1.left.-1920.0.1920.1080" width="1838" height="334" />
    <size key="GridCell.Tab.1.center.-1920.0.1920.1080" width="1838" height="334" />
    <size key="GridCell.Tab.1.right.-1920.0.1920.1080" width="1838" height="334" />
    <size key="GridCell.Tab.1.bottom.-1920.0.1920.1080" width="1838" height="334" />
    <size key="GridCell.Tab.2.left.-1920.0.1920.1080" width="1838" height="334" />
    <size key="GridCell.Tab.2.center.-1920.0.1920.1080" width="1838" height="334" />
    <size key="GridCell.Tab.2.right.-1920.0.1920.1080" width="1838" height="334" />
    <size key="GridCell.Tab.2.bottom.-1920.0.1920.1080" width="1838" height="334" />
    <size key="GridCell.Tab.3.left.-1920.0.1920.1080" width="1838" height="334" />
    <size key="GridCell.Tab.3.center.-1920.0.1920.1080" width="1838" height="334" />
    <size key="GridCell.Tab.3.right.-1920.0.1920.1080" width="1838" height="334" />
    <size key="GridCell.Tab.3.bottom.-1920.0.1920.1080" width="1838" height="334" />
    <size key="GridCell.Tab.4.left.-1920.0.1920.1080" width="1838" height="334" />
    <size key="GridCell.Tab.4.center.-1920.0.1920.1080" width="1838" height="334" />
    <size key="GridCell.Tab.4.right.-1920.0.1920.1080" width="1838" height="334" />
    <size key="GridCell.Tab.4.bottom.-1920.0.1920.1080" width="1838" height="334" />
    <size key="GridCell.Tab.5.left.-1920.0.1920.1080" width="1838" height="334" />
    <size key="GridCell.Tab.5.center.-1920.0.1920.1080" width="1838" height="334" />
    <size key="GridCell.Tab.5.right.-1920.0.1920.1080" width="1838" height="334" />
    <size key="GridCell.Tab.5.bottom.-1920.0.1920.1080" width="1838" height="334" />
    <size key="GridCell.Tab.6.left.-1920.0.1920.1080" width="1838" height="334" />
    <size key="GridCell.Tab.6.center.-1920.0.1920.1080" width="1838" height="334" />
    <size key="GridCell.Tab.6.right.-1920.0.1920.1080" width="1838" height="334" />
    <size key="GridCell.Tab.6.bottom.-1920.0.1920.1080" width="1838" height="334" />
    <size key="GridCell.Tab.0.left.1710.0.1920.1080" width="1838" height="280" />
    <size key="GridCell.Tab.0.center.1710.0.1920.1080" width="1838" height="280" />
    <size key="GridCell.Tab.0.right.1710.0.1920.1080" width="1838" height="280" />
    <size key="GridCell.Tab.0.bottom.1710.0.1920.1080" width="1838" height="280" />
    <size key="GridCell.Tab.1.left.1710.0.1920.1080" width="1838" height="280" />
    <size key="GridCell.Tab.1.center.1710.0.1920.1080" width="1838" height="280" />
    <size key="GridCell.Tab.1.right.1710.0.1920.1080" width="1838" height="280" />
    <size key="GridCell.Tab.1.bottom.1710.0.1920.1080" width="1838" height="280" />
    <size key="GridCell.Tab.2.left.1710.0.1920.1080" width="1838" height="280" />
    <size key="GridCell.Tab.2.center.1710.0.1920.1080" width="1838" height="280" />
    <size key="GridCell.Tab.2.right.1710.0.1920.1080" width="1838" height="280" />
    <size key="GridCell.Tab.2.bottom.1710.0.1920.1080" width="1838" height="280" />
    <size key="GridCell.Tab.3.left.1710.0.1920.1080" width="1838" height="280" />
    <size key="GridCell.Tab.3.center.1710.0.1920.1080" width="1838" height="280" />
    <size key="GridCell.Tab.3.right.1710.0.1920.1080" width="1838" height="280" />
    <size key="GridCell.Tab.3.bottom.1710.0.1920.1080" width="1838" height="280" />
    <size key="GridCell.Tab.4.left.1710.0.1920.1080" width="1838" height="280" />
    <size key="GridCell.Tab.4.center.1710.0.1920.1080" width="1838" height="280" />
    <size key="GridCell.Tab.4.right.1710.0.1920.1080" width="1838" height="280" />
    <size key="GridCell.Tab.4.bottom.1710.0.1920.1080" width="1838" height="280" />
    <size key="GridCell.Tab.5.left.1710.0.1920.1080" width="1838" height="280" />
    <size key="GridCell.Tab.5.center.1710.0.1920.1080" width="1838" height="280" />
    <size key="GridCell.Tab.5.right.1710.0.1920.1080" width="1838" height="280" />
    <size key="GridCell.Tab.5.bottom.1710.0.1920.1080" width="1838" height="280" />
    <size key="GridCell.Tab.6.left.1710.0.1920.1080" width="1838" height="280" />
    <size key="GridCell.Tab.6.center.1710.0.1920.1080" width="1838" height="280" />
    <size key="GridCell.Tab.6.right.1710.0.1920.1080" width="1838" height="280" />
    <size key="GridCell.Tab.6.bottom.1710.0.1920.1080" width="1838" height="280" />
    <size key="GridCell.Tab.0.left.0.0.1920.1080" width="1854" height="396" />
    <size key="GridCell.Tab.0.center.0.0.1920.1080" width="1854" height="396" />
    <size key="GridCell.Tab.0.right.0.0.1920.1080" width="1854" height="396" />
    <size key="GridCell.Tab.0.bottom.0.0.1920.1080" width="1854" height="396" />
    <size key="GridCell.Tab.1.left.0.0.1920.1080" width="1854" height="333" />
    <size key="GridCell.Tab.1.center.0.0.1920.1080" width="1854" height="333" />
    <size key="GridCell.Tab.1.right.0.0.1920.1080" width="1854" height="333" />
    <size key="GridCell.Tab.1.bottom.0.0.1920.1080" width="1854" height="333" />
    <size key="GridCell.Tab.2.left.0.0.1920.1080" width="1854" height="333" />
    <size key="GridCell.Tab.2.center.0.0.1920.1080" width="1854" height="333" />
    <size key="GridCell.Tab.2.right.0.0.1920.1080" width="1854" height="333" />
    <size key="GridCell.Tab.2.bottom.0.0.1920.1080" width="1854" height="333" />
    <size key="GridCell.Tab.3.left.0.0.1920.1080" width="1854" height="333" />
    <size key="GridCell.Tab.3.center.0.0.1920.1080" width="1854" height="333" />
    <size key="GridCell.Tab.3.right.0.0.1920.1080" width="1854" height="333" />
    <size key="GridCell.Tab.3.bottom.0.0.1920.1080" width="1854" height="333" />
    <size key="GridCell.Tab.4.left.0.0.1920.1080" width="1854" height="333" />
    <size key="GridCell.Tab.4.center.0.0.1920.1080" width="1854" height="333" />
    <size key="GridCell.Tab.4.right.0.0.1920.1080" width="1854" height="333" />
    <size key="GridCell.Tab.4.bottom.0.0.1920.1080" width="1854" height="333" />
    <size key="GridCell.Tab.5.left.0.0.1920.1080" width="1854" height="333" />
    <size key="GridCell.Tab.5.center.0.0.1920.1080" width="1854" height="333" />
    <size key="GridCell.Tab.5.right.0.0.1920.1080" width="1854" height="333" />
    <size key="GridCell.Tab.5.bottom.0.0.1920.1080" width="1854" height="333" />
    <size key="GridCell.Tab.6.left.0.0.1920.1080" width="1854" height="333" />
    <size key="GridCell.Tab.6.center.0.0.1920.1080" width="1854" height="333" />
    <size key="GridCell.Tab.6.right.0.0.1920.1080" width="1854" height="333" />
    <size key="GridCell.Tab.6.bottom.0.0.1920.1080" width="1854" height="333" />
    <size key="find.popup.0.0.1920.1080" width="853" height="508" />
    <size key="find.popup.-1920.0.1920.1080" width="712" height="834" />
    <size key="GridCell.Tab.0.left.-210.-1080.1920.1080" width="1838" height="256" />
    <size key="GridCell.Tab.0.center.-210.-1080.1920.1080" width="1838" height="256" />
    <size key="GridCell.Tab.0.right.-210.-1080.1920.1080" width="1838" height="256" />
    <size key="GridCell.Tab.0.bottom.-210.-1080.1920.1080" width="1838" height="256" />
    <size key="GridCell.Tab.1.left.-210.-1080.1920.1080" width="1838" height="256" />
    <size key="GridCell.Tab.1.center.-210.-1080.1920.1080" width="1838" height="256" />
    <size key="GridCell.Tab.1.right.-210.-1080.1920.1080" width="1838" height="256" />
    <size key="GridCell.Tab.1.bottom.-210.-1080.1920.1080" width="1838" height="256" />
    <size key="GridCell.Tab.2.left.-210.-1080.1920.1080" width="1838" height="256" />
    <size key="GridCell.Tab.2.center.-210.-1080.1920.1080" width="1838" height="256" />
    <size key="GridCell.Tab.2.right.-210.-1080.1920.1080" width="1838" height="256" />
    <size key="GridCell.Tab.2.bottom.-210.-1080.1920.1080" width="1838" height="256" />
    <size key="GridCell.Tab.3.left.-210.-1080.1920.1080" width="1838" height="256" />
    <size key="GridCell.Tab.3.center.-210.-1080.1920.1080" width="1838" height="256" />
    <size key="GridCell.Tab.3.right.-210.-1080.1920.1080" width="1838" height="256" />
    <size key="GridCell.Tab.3.bottom.-210.-1080.1920.1080" width="1838" height="256" />
    <size key="GridCell.Tab.4.left.-210.-1080.1920.1080" width="1838" height="256" />
    <size key="GridCell.Tab.4.center.-210.-1080.1920.1080" width="1838" height="256" />
    <size key="GridCell.Tab.4.right.-210.-1080.1920.1080" width="1838" height="256" />
    <size key="GridCell.Tab.4.bottom.-210.-1080.1920.1080" width="1838" height="256" />
    <size key="GridCell.Tab.5.left.-210.-1080.1920.1080" width="1838" height="256" />
    <size key="GridCell.Tab.5.center.-210.-1080.1920.1080" width="1838" height="256" />
    <size key="GridCell.Tab.5.right.-210.-1080.1920.1080" width="1838" height="256" />
    <size key="GridCell.Tab.5.bottom.-210.-1080.1920.1080" width="1838" height="256" />
    <size key="GridCell.Tab.6.left.-210.-1080.1920.1080" width="1838" height="256" />
    <size key="GridCell.Tab.6.center.-210.-1080.1920.1080" width="1838" height="256" />
    <size key="GridCell.Tab.6.right.-210.-1080.1920.1080" width="1838" height="256" />
    <size key="GridCell.Tab.6.bottom.-210.-1080.1920.1080" width="1838" height="256" />
    <size key="GridCell.Tab.0.left.0.0.3840.2486@192dpi" width="3708" height="666" />
    <size key="GridCell.Tab.0.center.0.0.3840.2486@192dpi" width="3708" height="666" />
    <size key="GridCell.Tab.0.right.0.0.3840.2486@192dpi" width="3708" height="666" />
    <size key="GridCell.Tab.0.bottom.0.0.3840.2486@192dpi" width="3708" height="666" />
    <size key="find.popup.0.0.3840.2486@192dpi" width="1766" height="1236" />
    <size key="GridCell.Tab.0.left.-168.-1080.1920.1080" width="1854" height="396" />
    <size key="GridCell.Tab.0.center.-168.-1080.1920.1080" width="1854" height="396" />
    <size key="GridCell.Tab.0.right.-168.-1080.1920.1080" width="1854" height="396" />
    <size key="GridCell.Tab.0.bottom.-168.-1080.1920.1080" width="1854" height="396" />
    <size key="GridCell.Tab.1.left.-168.-1080.1920.1080" width="1838" height="334" />
    <size key="GridCell.Tab.1.center.-168.-1080.1920.1080" width="1838" height="334" />
    <size key="GridCell.Tab.1.right.-168.-1080.1920.1080" width="1838" height="334" />
    <size key="GridCell.Tab.1.bottom.-168.-1080.1920.1080" width="1838" height="334" />
    <size key="GridCell.Tab.2.left.-168.-1080.1920.1080" width="1838" height="334" />
    <size key="GridCell.Tab.2.center.-168.-1080.1920.1080" width="1838" height="334" />
    <size key="GridCell.Tab.2.right.-168.-1080.1920.1080" width="1838" height="334" />
    <size key="GridCell.Tab.2.bottom.-168.-1080.1920.1080" width="1838" height="334" />
    <size key="GridCell.Tab.3.left.-168.-1080.1920.1080" width="1838" height="334" />
    <size key="GridCell.Tab.3.center.-168.-1080.1920.1080" width="1838" height="334" />
    <size key="GridCell.Tab.3.right.-168.-1080.1920.1080" width="1838" height="334" />
    <size key="GridCell.Tab.3.bottom.-168.-1080.1920.1080" width="1838" height="334" />
    <size key="GridCell.Tab.4.left.-168.-1080.1920.1080" width="1838" height="334" />
    <size key="GridCell.Tab.4.center.-168.-1080.1920.1080" width="1838" height="334" />
    <size key="GridCell.Tab.4.right.-168.-1080.1920.1080" width="1838" height="334" />
    <size key="GridCell.Tab.4.bottom.-168.-1080.1920.1080" width="1838" height="334" />
    <size key="GridCell.Tab.5.left.-168.-1080.1920.1080" width="1838" height="334" />
    <size key="GridCell.Tab.5.center.-168.-1080.1920.1080" width="1838" height="334" />
    <size key="GridCell.Tab.5.right.-168.-1080.1920.1080" width="1838" height="334" />
    <size key="GridCell.Tab.5.bottom.-168.-1080.1920.1080" width="1838" height="334" />
    <size key="GridCell.Tab.6.left.-168.-1080.1920.1080" width="1838" height="334" />
    <size key="GridCell.Tab.6.center.-168.-1080.1920.1080" width="1838" height="334" />
    <size key="GridCell.Tab.6.right.-168.-1080.1920.1080" width="1838" height="334" />
    <size key="GridCell.Tab.6.bottom.-168.-1080.1920.1080" width="1838" height="334" />
    <size key="GridCell.Tab.1.left.0.0.3840.2486@192dpi" width="3708" height="666" />
    <size key="GridCell.Tab.1.center.0.0.3840.2486@192dpi" width="3708" height="666" />
    <size key="GridCell.Tab.1.right.0.0.3840.2486@192dpi" width="3708" height="666" />
    <size key="GridCell.Tab.1.bottom.0.0.3840.2486@192dpi" width="3708" height="666" />
    <size key="GridCell.Tab.2.left.0.0.3840.2486@192dpi" width="3708" height="666" />
    <size key="GridCell.Tab.2.center.0.0.3840.2486@192dpi" width="3708" height="666" />
    <size key="GridCell.Tab.2.right.0.0.3840.2486@192dpi" width="3708" height="666" />
    <size key="GridCell.Tab.2.bottom.0.0.3840.2486@192dpi" width="3708" height="666" />
    <size key="GridCell.Tab.3.left.0.0.3840.2486@192dpi" width="3708" height="666" />
    <size key="GridCell.Tab.3.center.0.0.3840.2486@192dpi" width="3708" height="666" />
    <size key="GridCell.Tab.3.right.0.0.3840.2486@192dpi" width="3708" height="666" />
    <size key="GridCell.Tab.3.bottom.0.0.3840.2486@192dpi" width="3708" height="666" />
    <size key="GridCell.Tab.4.left.0.0.3840.2486@192dpi" width="3708" height="666" />
    <size key="GridCell.Tab.4.center.0.0.3840.2486@192dpi" width="3708" height="666" />
    <size key="GridCell.Tab.4.right.0.0.3840.2486@192dpi" width="3708" height="666" />
    <size key="GridCell.Tab.4.bottom.0.0.3840.2486@192dpi" width="3708" height="666" />
    <size key="GridCell.Tab.5.left.0.0.3840.2486@192dpi" width="3708" height="666" />
    <size key="GridCell.Tab.5.center.0.0.3840.2486@192dpi" width="3708" height="666" />
    <size key="GridCell.Tab.5.right.0.0.3840.2486@192dpi" width="3708" height="666" />
    <size key="GridCell.Tab.5.bottom.0.0.3840.2486@192dpi" width="3708" height="666" />
    <size key="GridCell.Tab.6.left.0.0.3840.2486@192dpi" width="3708" height="666" />
    <size key="GridCell.Tab.6.center.0.0.3840.2486@192dpi" width="3708" height="666" />
    <size key="GridCell.Tab.6.right.0.0.3840.2486@192dpi" width="3708" height="666" />
    <size key="GridCell.Tab.6.bottom.0.0.3840.2486@192dpi" width="3708" height="666" />
    <size key="GridCell.Tab.0.left.0.0.1366.768" width="1838" height="299" />
    <size key="GridCell.Tab.0.center.0.0.1366.768" width="1838" height="299" />
    <size key="GridCell.Tab.0.right.0.0.1366.768" width="1838" height="299" />
    <size key="GridCell.Tab.0.bottom.0.0.1366.768" width="1838" height="299" />
    <size key="GridCell.Tab.1.left.0.0.1366.768" width="1838" height="299" />
    <size key="GridCell.Tab.1.center.0.0.1366.768" width="1838" height="299" />
    <size key="GridCell.Tab.1.right.0.0.1366.768" width="1838" height="299" />
    <size key="GridCell.Tab.1.bottom.0.0.1366.768" width="1838" height="299" />
    <size key="GridCell.Tab.2.left.0.0.1366.768" width="1838" height="299" />
    <size key="GridCell.Tab.2.center.0.0.1366.768" width="1838" height="299" />
    <size key="GridCell.Tab.2.right.0.0.1366.768" width="1838" height="299" />
    <size key="GridCell.Tab.2.bottom.0.0.1366.768" width="1838" height="299" />
    <size key="GridCell.Tab.3.left.0.0.1366.768" width="1838" height="299" />
    <size key="GridCell.Tab.3.center.0.0.1366.768" width="1838" height="299" />
    <size key="GridCell.Tab.3.right.0.0.1366.768" width="1838" height="299" />
    <size key="GridCell.Tab.3.bottom.0.0.1366.768" width="1838" height="299" />
    <size key="GridCell.Tab.4.left.0.0.1366.768" width="1838" height="299" />
    <size key="GridCell.Tab.4.center.0.0.1366.768" width="1838" height="299" />
    <size key="GridCell.Tab.4.right.0.0.1366.768" width="1838" height="299" />
    <size key="GridCell.Tab.4.bottom.0.0.1366.768" width="1838" height="299" />
    <size key="GridCell.Tab.5.left.0.0.1366.768" width="1838" height="299" />
    <size key="GridCell.Tab.5.center.0.0.1366.768" width="1838" height="299" />
    <size key="GridCell.Tab.5.right.0.0.1366.768" width="1838" height="299" />
    <size key="GridCell.Tab.5.bottom.0.0.1366.768" width="1838" height="299" />
    <size key="GridCell.Tab.6.left.0.0.1366.768" width="1838" height="299" />
    <size key="GridCell.Tab.6.center.0.0.1366.768" width="1838" height="299" />
    <size key="GridCell.Tab.6.right.0.0.1366.768" width="1838" height="299" />
    <size key="GridCell.Tab.6.bottom.0.0.1366.768" width="1838" height="299" />
    <size key="GridCell.Tab.0.left.0.0.2880.1864@192dpi" width="2716" height="922" />
    <size key="GridCell.Tab.0.center.0.0.2880.1864@192dpi" width="2716" height="922" />
    <size key="GridCell.Tab.0.right.0.0.2880.1864@192dpi" width="2716" height="922" />
    <size key="GridCell.Tab.0.bottom.0.0.2880.1864@192dpi" width="2716" height="922" />
    <size key="find.popup.-168.-1080.1920.1080" width="863" height="547" />
    <size key="GridCell.Tab.1.left.0.0.2880.1864@192dpi" width="2716" height="922" />
    <size key="GridCell.Tab.1.center.0.0.2880.1864@192dpi" width="2716" height="922" />
    <size key="GridCell.Tab.1.right.0.0.2880.1864@192dpi" width="2716" height="922" />
    <size key="GridCell.Tab.1.bottom.0.0.2880.1864@192dpi" width="2716" height="922" />
    <size key="GridCell.Tab.2.left.0.0.2880.1864@192dpi" width="2716" height="922" />
    <size key="GridCell.Tab.2.center.0.0.2880.1864@192dpi" width="2716" height="922" />
    <size key="GridCell.Tab.2.right.0.0.2880.1864@192dpi" width="2716" height="922" />
    <size key="GridCell.Tab.2.bottom.0.0.2880.1864@192dpi" width="2716" height="922" />
    <size key="GridCell.Tab.3.left.0.0.2880.1864@192dpi" width="2716" height="922" />
    <size key="GridCell.Tab.3.center.0.0.2880.1864@192dpi" width="2716" height="922" />
    <size key="GridCell.Tab.3.right.0.0.2880.1864@192dpi" width="2716" height="922" />
    <size key="GridCell.Tab.3.bottom.0.0.2880.1864@192dpi" width="2716" height="922" />
    <size key="GridCell.Tab.4.left.0.0.2880.1864@192dpi" width="2716" height="922" />
    <size key="GridCell.Tab.4.center.0.0.2880.1864@192dpi" width="2716" height="922" />
    <size key="GridCell.Tab.4.right.0.0.2880.1864@192dpi" width="2716" height="922" />
    <size key="GridCell.Tab.4.bottom.0.0.2880.1864@192dpi" width="2716" height="922" />
    <size key="GridCell.Tab.5.left.0.0.2880.1864@192dpi" width="2716" height="922" />
    <size key="GridCell.Tab.5.center.0.0.2880.1864@192dpi" width="2716" height="922" />
    <size key="GridCell.Tab.5.right.0.0.2880.1864@192dpi" width="2716" height="922" />
    <size key="GridCell.Tab.5.bottom.0.0.2880.1864@192dpi" width="2716" height="922" />
    <size key="GridCell.Tab.6.left.0.0.2880.1864@192dpi" width="2716" height="922" />
    <size key="GridCell.Tab.6.center.0.0.2880.1864@192dpi" width="2716" height="922" />
    <size key="GridCell.Tab.6.right.0.0.2880.1864@192dpi" width="2716" height="922" />
    <size key="GridCell.Tab.6.bottom.0.0.2880.1864@192dpi" width="2716" height="922" />
    <size key="find.popup.0.0.2880.1864@192dpi" width="1756" height="1112" />
  </component>
  <component name="WindowManager">
    <frame x="-74" y="21" width="1874" height="891" extendedState="6" />
  </component>
  <component name="WindowStateApplicationService">
    <state x="454" y="205" key="#com.intellij.openapi.updateSettings.impl.PluginUpdateInfoDialog" timestamp="1743040637508">
      <screen x="0" y="39" width="1710" height="1008" />
    </state>
    <state x="454" y="205" key="#com.intellij.openapi.updateSettings.impl.PluginUpdateInfoDialog/0.39.1710.1008" timestamp="1743040637508" />
    <state x="580" y="403" key="APPLICATION_WIDE_STORE_#rider.projectView.actions.properties.EditPropertiesDialogFile" timestamp="1743761176936">
      <screen x="0" y="39" width="1710" height="1008" />
    </state>
    <state x="580" y="403" key="APPLICATION_WIDE_STORE_#rider.projectView.actions.properties.EditPropertiesDialogFile/0.39.1710.1008/-210.-875.1600.875" timestamp="1743761176936" />
    <state x="539" y="329" key="APPLICATION_WIDE_STORE_#rider.projectView.actions.properties.EditPropertiesDialogProject" timestamp="1746689614525">
      <screen x="0" y="37" width="1920" height="1206" />
    </state>
    <state x="649" y="380" key="APPLICATION_WIDE_STORE_#rider.projectView.actions.properties.EditPropertiesDialogProject.inPresentationMode.ideScale=100" timestamp="1747212765422">
      <screen x="0" y="0" width="2048" height="1280" />
    </state>
    <state x="649" y="380" key="APPLICATION_WIDE_STORE_#rider.projectView.actions.properties.EditPropertiesDialogProject.inPresentationMode.ideScale=100/0.0.2048.1280" timestamp="1747212765422" />
    <state x="480" y="293" key="APPLICATION_WIDE_STORE_#rider.projectView.actions.properties.EditPropertiesDialogProject/0.33.1710.1074" timestamp="1744696551227" />
    <state x="539" y="329" key="APPLICATION_WIDE_STORE_#rider.projectView.actions.properties.EditPropertiesDialogProject/0.37.1920.1206" timestamp="1746689614525" />
    <state x="467" y="-730" key="APPLICATION_WIDE_STORE_#rider.projectView.actions.properties.EditPropertiesDialogSolution" timestamp="1744651108700">
      <screen x="-168" y="-1080" width="1920" height="1080" />
    </state>
    <state x="467" y="-730" key="APPLICATION_WIDE_STORE_#rider.projectView.actions.properties.EditPropertiesDialogSolution/0.43.1920.1200/-168.-1080.1920.1080" timestamp="1744651108700" />
    <state width="628" height="208" key="ShowUsagesActions.dimensionServiceKey" timestamp="1747151742302">
      <screen x="0" y="0" width="1920" height="1080" />
    </state>
    <state width="524" height="538" key="ShowUsagesActions.dimensionServiceKey/0.0.1600.900" timestamp="1746775433032" />
    <state width="628" height="208" key="ShowUsagesActions.dimensionServiceKey/0.0.1920.1080" timestamp="1747151742302" />
    <state width="652" height="235" key="ShowUsagesActions.dimensionServiceKey/0.25.1920.1055" timestamp="1746151259575" />
    <state width="570" height="187" key="ShowUsagesActions.dimensionServiceKey/0.25.1920.995" timestamp="1738603243205" />
    <state width="489" height="211" key="ShowUsagesActions.dimensionServiceKey/0.28.1440.904" timestamp="1745809327298" />
    <state width="559" height="259" key="ShowUsagesActions.dimensionServiceKey/0.33.1710.1074" timestamp="1745655026361" />
    <state width="580" height="351" key="ShowUsagesActions.dimensionServiceKey/0.33.1710.1074/-210.-875.1600.875" timestamp="1744016564646" />
    <state width="453" height="164" key="ShowUsagesActions.dimensionServiceKey/0.37.1920.1206" timestamp="1747038602063" />
    <state width="652" height="163" key="ShowUsagesActions.dimensionServiceKey/0.37.1920.1206/-168.-1055.1920.1055" timestamp="1746110893999" />
    <state width="579" height="163" key="ShowUsagesActions.dimensionServiceKey/0.39.1710.1008" timestamp="1743561868392" />
    <state width="579" height="163" key="ShowUsagesActions.dimensionServiceKey/0.39.1710.1068/-1920.25.1920.995" timestamp="1738774367101" />
    <state width="651" height="163" key="ShowUsagesActions.dimensionServiceKey/0.43.1920.1140/-168.-1055.1920.1055" timestamp="1743526785398" />
    <state width="628" height="379" key="ShowUsagesActions.dimensionServiceKey/0.43.1920.1200/-168.-1055.1920.1055" timestamp="1744825252178" />
    <state width="652" height="164" key="ShowUsagesActions.dimensionServiceKey/0.43.1920.1200/-168.-1080.1920.1080" timestamp="1746713406762" />
    <state width="543" height="187" key="ShowUsagesActions.dimensionServiceKey/50.39.1660.1068" timestamp="1745568297179" />
    <state width="564" height="208" key="ShowUsagesActions.dimensionServiceKey/50.43.1870.1200" timestamp="1747047275910" />
    <state x="984" y="502" width="1195" height="757" key="WELCOME_SCREEN" timestamp="1747234619713">
      <screen x="50" y="25" width="1870" height="1055" />
    </state>
    <state x="763" y="366" width="800" height="683" key="WELCOME_SCREEN/0.25.1366.683" timestamp="1743606359625" />
    <state x="959" y="507" width="801" height="785" key="WELCOME_SCREEN/0.25.1920.1055" timestamp="1745339248335" />
    <state x="959" y="487" width="801" height="785" key="WELCOME_SCREEN/0.25.1920.995" timestamp="1743168979735" />
    <state x="854" y="505" width="801" height="785" key="WELCOME_SCREEN/0.39.1710.1008" timestamp="1743552200184" />
    <state x="854" y="505" width="801" height="785" key="WELCOME_SCREEN/0.39.1710.1008/-1920.25.1920.1055" timestamp="1738933469980" />
    <state x="855" y="543" width="1002" height="1008" key="WELCOME_SCREEN/0.39.1710.1008/-210.-875.1600.875" timestamp="1743937564323" />
    <state x="854" y="573" width="1033" height="1068" key="WELCOME_SCREEN/0.39.1710.1068" timestamp="1745460882013" />
    <state x="-960" y="496" width="800" height="843" key="WELCOME_SCREEN/0.39.1710.1068/-1920.25.1920.995" timestamp="1738850691368" />
    <state x="959" y="613" width="899" height="1140" key="WELCOME_SCREEN/0.43.1920.1140" timestamp="1743586117150" />
    <state x="960" y="571" width="900" height="888" key="WELCOME_SCREEN/0.43.1920.1140/-168.-1055.1920.1055" timestamp="1743527371363" />
    <state x="959" y="582" width="1195" height="841" key="WELCOME_SCREEN/0.43.1920.1200" timestamp="1746372124977" />
    <state x="1328" y="-422" width="848" height="844" key="WELCOME_SCREEN/0.43.1920.1200/-168.-1055.1920.1055" timestamp="1744724026800" />
    <state x="984" y="502" width="1195" height="757" key="WELCOME_SCREEN/50.25.1870.1055" timestamp="1747234619713" />
    <state x="1049" y="571" width="1210" height="769" key="WELCOME_SCREEN/50.25.1998.1255" timestamp="1747217288327" />
    <state x="880" y="503" width="978" height="650" key="WELCOME_SCREEN/50.39.1660.1068" timestamp="1745803581220" />
    <state x="985" y="565" width="1132" height="735" key="WELCOME_SCREEN/50.43.1870.1200" timestamp="1747185740432" />
    <state x="984" y="565" width="1163" height="739" key="WELCOME_SCREEN/50.43.1870.1200/-168.-1055.1920.1055" timestamp="1746182552721" />
    <state x="960" y="643" width="1126" height="1200" key="WELCOME_SCREEN/56.43.1864.1200" timestamp="1744104285687" />
  </component>
</application>