<keymap version="1" name="Visual Studio 2022 copy" parent="Visual Studio 2022">
  <action id="CommentByLineComment">
    <keyboard-shortcut first-keystroke="ctrl alt slash" />
    <keyboard-shortcut first-keystroke="ctrl alt divide" />
    <keyboard-shortcut first-keystroke="ctrl k" second-keystroke="c" />
    <keyboard-shortcut first-keystroke="ctrl k" second-keystroke="ctrl c" />
    <keyboard-shortcut first-keystroke="ctrl k" second-keystroke="ctrl slash" />
    <keyboard-shortcut first-keystroke="ctrl k" second-keystroke="ctrl u" />
    <keyboard-shortcut first-keystroke="ctrl slash" />
  </action>
  <action id="DuplicatesForm.SendToLeft" />
  <action id="FileChooser.GotoHome" />
  <action id="GotoBookmark1" />
  <action id="Graph.ActualSize">
    <keyboard-shortcut first-keystroke="ctrl divide" />
  </action>
  <action id="Graph.AlignNodes.Middle" />
  <action id="HideActiveWindow" />
  <action id="HideAllWindows">
    <keyboard-shortcut first-keystroke="shift escape" />
  </action>
  <action id="Images.Editor.ActualSize">
    <keyboard-shortcut first-keystroke="ctrl divide" />
  </action>
  <action id="MethodDown">
    <keyboard-shortcut first-keystroke="alt j" />
  </action>
  <action id="MethodUp">
    <keyboard-shortcut first-keystroke="alt k" />
  </action>
  <action id="NextDiff">
    <keyboard-shortcut first-keystroke="f7" />
  </action>
  <action id="NextOccurence" />
  <action id="ReSharperGotoNextErrorInSolution">
    <keyboard-shortcut first-keystroke="f8" />
  </action>
  <action id="SwitcherIterateItems" />
  <action id="SwitcherRecentEditedChangedToggleCheckBox" />
  <action id="Terminal.DeletePreviousWord" />
  <action id="UsageFiltering.WriteAccess" />
  <action id="copilot.chat.show">
    <keyboard-shortcut first-keystroke="ctrl 1" />
  </action>
  <action id="copilot.disposeInlays" />
</keymap>