<keymap version="1" name="Visual Studio (macOS) copy" parent="Visual Studio OSX">
  <action id="ActivateUnitTestsToolWindow">
    <keyboard-shortcut first-keystroke="shift meta 8" />
  </action>
  <action id="Arrangement.Rule.Edit" />
  <action id="BookmarksView.Rename" />
  <action id="ChangesView.Rename">
    <keyboard-shortcut first-keystroke="shift f6" />
  </action>
  <action id="CommentByBlockComment">
    <keyboard-shortcut first-keystroke="ctrl meta slash" />
    <keyboard-shortcut first-keystroke="shift meta divide" />
    <keyboard-shortcut first-keystroke="meta slash" />
  </action>
  <action id="CommentByLineComment">
    <keyboard-shortcut first-keystroke="meta alt slash" />
    <keyboard-shortcut first-keystroke="meta alt divide" />
    <keyboard-shortcut first-keystroke="meta k" second-keystroke="c" />
    <keyboard-shortcut first-keystroke="meta k" second-keystroke="meta c" />
    <keyboard-shortcut first-keystroke="meta k" second-keystroke="meta slash" />
    <keyboard-shortcut first-keystroke="meta k" second-keystroke="meta u" />
    <keyboard-shortcut first-keystroke="meta slash" />
  </action>
  <action id="Console.TableResult.EditValue">
    <keyboard-shortcut first-keystroke="enter" />
    <keyboard-shortcut first-keystroke="alt enter" />
  </action>
  <action id="Console.TableResult.GotoReferencedResult">
    <mouse-shortcut keystroke="button1 doubleClick" />
    <keyboard-shortcut first-keystroke="enter" />
    <keyboard-shortcut first-keystroke="alt enter" />
  </action>
  <action id="EditPropertiesAction">
    <keyboard-shortcut first-keystroke="alt enter" />
    <keyboard-shortcut first-keystroke="meta enter" />
  </action>
  <action id="EditorCutLineEnd" />
  <action id="EditorSelectWord">
    <keyboard-shortcut first-keystroke="meta alt right" />
    <keyboard-shortcut first-keystroke="meta w" />
  </action>
  <action id="ExternalSystem.ProjectRefreshAction" />
  <action id="FileChooser.GoToRoot" />
  <action id="Git.Rename.Local.Branch">
    <keyboard-shortcut first-keystroke="shift f6" />
  </action>
  <action id="Git.Reword.Commit">
    <keyboard-shortcut first-keystroke="shift f6" />
  </action>
  <action id="GotoLine" />
  <action id="GotoRow" />
  <action id="Graph.ActualSize">
    <keyboard-shortcut first-keystroke="meta divide" />
  </action>
  <action id="Images.Editor.ActualSize">
    <keyboard-shortcut first-keystroke="meta divide" />
  </action>
  <action id="IntentionActionAsAction_com.github.copilot.chat.inline.InlineChatIntention">
    <keyboard-shortcut first-keystroke="shift meta i" />
  </action>
  <action id="IntentionActionAsAction_com.intellij.ml.llm.intentions.chat.AIAssistantIntention">
    <keyboard-shortcut first-keystroke="shift meta i" />
  </action>
  <action id="OpenInlineChatAction">
    <keyboard-shortcut first-keystroke="shift ctrl g" />
  </action>
  <action id="ReSharperGotoNextErrorInSolution">
    <keyboard-shortcut first-keystroke="alt f2" />
    <keyboard-shortcut first-keystroke="shift alt page_down" />
    <keyboard-shortcut first-keystroke="meta 8" />
  </action>
  <action id="RenameElement">
    <keyboard-shortcut first-keystroke="meta r" second-keystroke="r" />
    <keyboard-shortcut first-keystroke="meta r" second-keystroke="meta r" />
    <keyboard-shortcut first-keystroke="f2" />
  </action>
  <action id="SetShortcutAction">
    <keyboard-shortcut first-keystroke="alt enter" />
    <keyboard-shortcut first-keystroke="meta enter" />
  </action>
  <action id="ShelvedChanges.Rename">
    <keyboard-shortcut first-keystroke="shift f6" />
  </action>
  <action id="ShowIntentionActions">
    <keyboard-shortcut first-keystroke="alt enter" />
    <keyboard-shortcut first-keystroke="meta enter" />
  </action>
  <action id="SmartSelect">
    <keyboard-shortcut first-keystroke="meta alt right" />
    <keyboard-shortcut first-keystroke="meta w" />
  </action>
  <action id="Table-startEditing" />
  <action id="Tree-startEditing" />
  <action id="XDebugger.EditWatch" />
  <action id="XDebugger.SetValue" />
  <action id="copilot.chat.show">
    <keyboard-shortcut first-keystroke="shift ctrl c" />
    <keyboard-shortcut first-keystroke="meta g" />
  </action>
  <action id="copilot.disposeInlays" />
</keymap>